email,password,handle
alinklater0@purevolume.com,cU6}3_/0blDJ,jhabert0
rdavis1@google.co.uk,uR2'pP>(\V>,sparkman1
cdamper2@yahoo.com,"uI9~'l/eu,Rtf",mwhiteson2
cbowdler3@flickr.com,zF9#BBx3,escotson3
gdoveston4@slate.com,dZ1`=j?Vf,hbartle4
sdoughton5@rakuten.co.jp,mH7_YTRfB,pshilvock5
syelland6@cocolog-nifty.com,"bU2=k~940w~2""g>9",lcumes6
sfearnill7@weather.com,"lL1,n*aRcl}Me",lvasilechko7
sdavidsson8@cdbaby.com,iA0+C*aOLuwIAsng,mbenne8
svanthoff9@csmonitor.com,yN9\4|$x{N,alismore9
gwasmera@artisteer.com,"uY2""roeq",omcsaula
pboulgerb@zimbio.com,"hO3""LaTs*1\`",mcholertonb
wwoolertonc@mozilla.org,hX9\Se(UQo9,lninnottic
jdobbingsd@harvard.edu,tC6@&seH8/}7!a{,kreeveleyd
abassanoe@nba.com,wC7\12XXF6NB,darnowitze
blympanyf@seattletimes.com,cR9{6_M\?WM!K7,ppoltunf
tdomangeg@ycombinator.com,rW9+~KR*5S,nthebesg
wrubinlichth@adobe.com,rH3.eB?*~N3?SU,segdellh
bhammanti@exblog.jp,rC7*$h)$n`g|F,rrathbornei
cdandoj@nhs.uk,zJ2'IfLC,lmcfadzeanj
pgilliatk@rakuten.co.jp,oE5<=bbBE=),rmelbournk
sgoshawkl@gov.uk,nZ4$.oNQrh,fgedneyl
jleadleym@amazon.com,dH2<4<qw~&GJ,gsarchm
edaughteryn@wikispaces.com,gA3*S`/S,odrinkhalln
kwatmougho@tiny.cc,"cM3""5.n(BYFHJE?}",lhowlero
krappsp@usgs.gov,dV6<uDH@Z,vkettlesp
asametq@oracle.com,rC1`<oK3Ph,rpiffordq
mlimpertzr@ustream.tv,uY2}$qN5xe0zI\,pellisr
amoncktons@youtu.be,"tP8/rK&fes?}}zR""",efeatenbys
mseakingt@desdev.cn,bH9+vrkcA2\,larnket
abonsulu@list-manage.com,yV8?bufSI/B0w>,vloomesu
mcottellv@studiopress.com,nG9\fo=p\'vg3Xv`,sbafordv
floadwickw@desdev.cn,"jU1,Vx=z5{",ekarpolw
mnewissx@opera.com,"cJ6{,o'.",ghaugx
jfraczaky@aboutads.info,pM0+jT0NR1x,ldruryy
dstarbuckz@google.nl,kC6\D8no9P+`,rpyrkez
staplin10@nature.com,kJ5|F9\5nh*~g,fhamsher10
hpresnall11@cdbaby.com,"bY7&!4ifb7""",dkern11
bgoodbody12@ox.ac.uk,"aZ2\.>faXO<Hm,",vdeegin12
kclucas13@angelfire.com,fK8>#A_)p,ashedd13
cgain14@xrea.com,xG9=Y'(Q9NS3%8,ncornforth14
vdows15@sogou.com,gE1(k.w.*Ef1IDA,amcquarrie15
camos16@barnesandnoble.com,lA4?u'QmRj7L,mhaseman16
esherrock17@pen.io,zX3)IOC6IB,gbrocking17
tgaye18@europa.eu,jJ6{?&Z&4evXyIhL,jspoole18
ljorcke19@livejournal.com,iO0$6Agac4w6m>K,mcoxwell19
dtranfield1a@pagesperso-orange.fr,aN6>=zC2$R,rcorns1a
rserotsky1b@noaa.gov,"kE9!ga.,Hf0K",eflanigan1b
osimoneton1c@ifeng.com,kK3=K9Q9ZATY7,eoehm1c
esales1d@livejournal.com,"cT6'|}mYsK1O7*""",ofinlayson1d
jnoakes1e@t.co,hA4$(.v5ikq6x~%p,plearoyd1e
glammers1f@ning.com,mY3)oP*\+>G',icorry1f
dcumberbatch1g@ning.com,"vO1*ZY""KGy",beagar1g
tmee1h@aboutads.info,"hP5,n0\e""",akobierra1h
ifroment1i@flavors.me,lM7>'!rQZYQlU,acorcut1i
edibb1j@biglobe.ne.jp,lV5~2{Tn|j!b1PP,tbrazener1j
owisniewski1k@cpanel.net,vJ4!3R7=*~7rv@>,rmelendez1k
gtournay1l@nature.com,eM9+2$#+c,tdudman1l
lvaughanhughes1m@mozilla.org,yR0%rRDQSe6Dpe{,ecornfoot1m
msole1n@engadget.com,dE2*ex!axB,bpayn1n
mmeharry1o@sakura.ne.jp,mM1=vDS4gv,njewitt1o
lerrigo1p@paginegialle.it,"pL6#z46G1#"")VJ2j",ckerrod1p
jglen1q@gravatar.com,fC2%4ETF3`,eeallis1q
sabrahamowitcz1r@biblegateway.com,kL4+?/Jr'V!V99`},kdunne1r
sdeniseau1s@comsenz.com,"jF5""j.z6Ex58PuT",ctweed1s
kmalin1t@artisteer.com,aL3}k`=u3mZh(5Q,rgresly1t
ckeese1u@plala.or.jp,pL3=L6V7m%{bR,dmitten1u
aizkovicz1v@yahoo.co.jp,aY4\JT|wK%{),nopie1v
lwoodrooffe1w@exblog.jp,"oW3*!>rI_""BF",rchaucer1w
sdevas1x@google.co.uk,iN7*>hvmsBE4c,aseage1x
clibero1y@narod.ru,xC3!ZRp|OoE,mspellsworth1y
opauer1z@cam.ac.uk,"vY7'|kW#vw,10",lgenders1z
kraddenbury20@uiuc.edu,rC5&5J/8me.=,mwilshire20
bhenri21@spotify.com,hW7~*~L#v+,ptinghill21
rlinnard22@i2i.jp,bO7!yn@NJ<Yk?O9W,bhastelow22
hbrewett23@businessweek.com,aO4@8(19g87ae4N,ishiliton23
dapplewhaite24@blogs.com,"tI4=,c8J,(AepmI*",fdevonald24
cives25@fotki.com,mJ9#WOgIHx<,prookesby25
bgianni26@ucoz.com,lL5(b5~obk7,akeyden26
jlorking27@hostgator.com,yP6)V(m%'!65j,zreddle27
bpawlick28@wikipedia.org,xX5'EW%7*`6D&,badderley28
bswindells29@nymag.com,lD6`z=56T|R61,lrenard29
bbirth2a@domainmarket.com,mD3.6/df<HFA@}L!,railmer2a
jobal2b@yellowpages.com,sC8+W!c}9,ohambling2b
cwarrender2c@plala.or.jp,pT6{Q.ZFm,phaster2c
ngoneau2d@telegraph.co.uk,sZ5`2L?HF}a,csandercock2d
raslott2e@cargocollective.com,aX9{p>>O1{CZ,cdavley2e
dshoveller2f@comsenz.com,qW0_dr5x93S,zkunrad2f
nwear2g@nasa.gov,dR6*lMBp_,tburmaster2g
ltatton2h@yale.edu,pM2(R'~!jk_Lo6Y~,mvorley2h
estuchburie2i@reference.com,aA4(8z2q=jkj>UT,jwiddicombe2i
zdumphry2j@earthlink.net,uP1|\J!\67kjpm\,rballs2j
jglanton2k@army.mil,"sA0})_G""xY_",ascurrell2k
jleggott2l@home.pl,"cC8#$Q58rL7=,=|",lseamarke2l
bbullene2m@comsenz.com,"kB5?9,Ecrl5i7%",tsaph2m
askey2n@soup.io,"bW2@""&wwF$0r5KQ!",ndunstone2n
rzavattiero2o@chicagotribune.com,lH4)CQ5!r7YphG06,mdelea2o
vdeval2p@smh.com.au,"nP1"",jdZ_(",jtesto2p
pchantler2q@sun.com,bA1/zLbq#,mcudbird2q
khelder2r@bing.com,aQ2<D$q&67g,tgirardot2r
mphlippsen2s@youtube.com,kB3!!?lRdeuB>I,kbrandsma2s
amollett2t@bbb.org,gC7$=O`{pU\1,prosell2t
mmcarte2u@tripadvisor.com,"pW4%0*,a+3o",tscurrah2u
ajudd2v@github.io,zA8~|JFv+`?uYT,dhowardgater2v
eolivier2w@angelfire.com,rN8}6?|B}RhG%/,asayce2w
ebackwell2x@springer.com,rQ4+|gX=h,sjarmyn2x
walexandrescu2y@eepurl.com,rJ5@k8lnI%uC{,vmaccostigan2y
ogillham2z@usgs.gov,fX5\?mW!E482,shampton2z
cjuniper30@dailymail.co.uk,aA8%*l/&\KW9,mragborne30
jgannicleff31@w3.org,vT7'&*k>N5i{=F,mcicutto31
ptopham32@netscape.com,mI5)}C>uilWQ/,vswancock32
mheaps33@fastcompany.com,gA5@ThBR0?aZJqz,tdarcy33
cplascott34@blogs.com,sC2`IEQs!oXi}Pp$,khubert34
pdodimead35@hibu.com,"xJ1=`""x#}P7",sfelce35
emclae36@hexun.com,kM4/19E){N9nw*yv,bcorradino36
nmylechreest37@blinklist.com,zK9+VUq~drP,rmarcam37
adymock38@parallels.com,uY3>H!'s4V9zxfY,lthundercliffe38
bwortley39@yolasite.com,xG5{a@W2nc0UC,awyer39
lreace3a@naver.com,uE8{E!fN242Hl{a,bdesouza3a
mcree3b@ted.com,fO3}s=)\Z&,fmundow3b
cbyre3c@dion.ne.jp,yQ0+x='cY\RW=Q,foffa3c
dmiddleton3d@webmd.com,"pE4,k$PK,+z",wbragginton3d
rabdie3e@foxnews.com,jO1}+kJP,ikuscha3e
tmaving3f@theguardian.com,"kL3\FZM8uj,'q",ktrotton3f
jvinson3g@wired.com,"dZ0=51m#oYN""Nl",wennew3g
dgecks3h@alexa.com,yI0~sHJPZV{&.,amacnaughton3h
anetherwood3i@aol.com,nI4@E|`>pVZw,fsyncke3i
kdunderdale3j@studiopress.com,xT5|UGL.ymWG.p9,creyburn3j
erutherforth3k@goodreads.com,zR3<7?8!*,dpatmore3k
ftomei3l@huffingtonpost.com,gF8'Lda`oGRMlOX,obartoleyn3l
lsirkett3m@msu.edu,nH6!@D=1k/,ekilford3m
tbeaconsall3n@paginegialle.it,yT4&Ydmu}')=l,mwerner3n
cfolder3o@123-reg.co.uk,tF3+!\rQ>wr,ewinsor3o
cvayne3p@nature.com,"rV1`dbp,}",cdowdeswell3p
amckeighen3q@techcrunch.com,oO9}0=N*'c%>@,hbiggerdike3q
jpaylie3r@alibaba.com,pP7\\cv``YIwt}p,wlowerson3r
adarrach3s@archive.org,xV4'$&5I,jconrath3s
fcoldtart3t@wix.com,bH8}xjnU,wtivenan3t
mgoulter3u@last.fm,aL2}.QM/,mdevuyst3u
tcreelman3v@plala.or.jp,tH9<o>2jP,jeannetta3v
ntodaro3w@usa.gov,jZ4)%d8jWTrQ+(,mpoinsett3w
dmcclunaghan3x@statcounter.com,kU7>Z`Mh+,bblacklawe3x
rlegges3y@cnbc.com,lE0~MUW\x6ZY(|S,glawee3y
rdenniss3z@freewebs.com,pW0|AEvVnlFp9,mjessope3z
rcharlton40@hibu.com,sW8{OZDf5%WeB,hrayburn40
thargreves41@cnn.com,zG6+'5XdvROUeSI\,skupper41
etordoff42@hao123.com,dU3~fBnm,docarney42
carni43@reference.com,"rB1?Vwb""",fbefroy43
iterrell44@reverbnation.com,lE6!8j*/EoP,btovey44
nmitskevich45@mapquest.com,"iX3%J4Y2s*ve3q""",amartine45
cstanes46@hexun.com,bZ3%mD$ums/O,dterram46
wdannel47@wikispaces.com,"vI5+""$$k4",mburford47
rsherrock48@delicious.com,"dU5""T?K*M/lj#&c?",galbone48
kargyle49@boston.com,wZ0$qd0$@zb)/$~,lsiviour49
nantat4a@time.com,aW8<=R@u.WaUi,tebbetts4a
bboscott4b@woothemes.com,gS6\W@NV5%wr),jbeazley4b
oportman4c@flavors.me,gK2~n<ll,rpatel4c
nfalk4d@nasa.gov,lQ0\S{Y~c.+,cgandrich4d
yjoan4e@wikia.com,tP6{wC&j*p,bmcaughtrie4e
lpellant4f@rediff.com,qP8`#Nm?GMuY)q!j,blaverack4f
mcrake4g@oracle.com,dJ2<Q7Q{tp,doloughane4g
nantonignetti4h@yelp.com,"hV7""rVZ)#4wTZaC5",bfeatenby4h
ztemprell4i@house.gov,"cS4*Q!,Lq(,&W4i",ogossage4i
cboykett4j@disqus.com,yN6+7$t{BX,ibutterwick4j
pmullaney4k@accuweather.com,"rH6)dx$G,kdrCZ",rspalton4k
sgarm4l@hc360.com,wV4)2kju'tvja,sgullane4l
mkarolowski4m@yolasite.com,eW3=CG#G37JRE,mraden4m
spoulsen4n@artisteer.com,bO7%'I(_J,dbramble4n
mcockerham4o@patch.com,zS0'bwJ4D,ekidney4o
dblount4p@eventbrite.com,kB9{Oojw`Etb,emeekings4p
nshorter4q@va.gov,tV2($+Q&e,fdiiorio4q
dbrentnall4r@deliciousdays.com,qQ3>~~rl4g,mharner4r
snewitt4s@ucoz.com,"yF6}<,Xr?5",zseeman4s
edinnage4t@smh.com.au,"pJ4{NGH~,",traveau4t
hgillison4u@mlb.com,hY4(K!5Bs|jnN>4w,tworms4u
hroalfe4v@oaic.gov.au,oU5.`O'YII,cbowland4v
fbenesevich4w@discuz.net,wG7>#gO%,brotge4w
hocarran4x@dyndns.org,eP7__MXRj,mpowney4x
gmeikle4y@imageshack.us,eY6\enP0<!v>=<0u,fabrams4y
hheady4z@guardian.co.uk,qP2)H*F=,jsaltern4z
acrowthe50@google.com,lD3_4wr?bz,eblacklawe50
cgothliff51@tumblr.com,tY0\5uJKasHH,dkilmurray51
jranscome52@dedecms.com,mM4_z_g'G,rcoleyshaw52
jblackledge53@zdnet.com,"xR4`$Q3'x_Q""",gditch53
sschooling54@hatena.ne.jp,iC9\=T#sO2+cz@Nk,pinkles54
cgoseling55@sakura.ne.jp,aF0=QRDE&/x,iflasby55
ipavluk56@dyndns.org,mU1=|l}j?{E~GQ,sjarvis56
rkleinhausen57@360.cn,bB1?l6gHpP!vtZ\v,bsiley57
gmcenery58@youtube.com,"aM3`MT@UqQ,v>AR_",cbog58
ghinstridge59@instagram.com,aU4.+M0R,oscammell59
tpietrowski5a@sciencedaily.com,jC8{Q5(DK)/4K,msemble5a
bridesdale5b@usda.gov,zX2@U#g'Pi,ejorn5b
nmadgin5c@xrea.com,kT2'4JWUz6l\Q,tpiniur5c
vhearon5d@wikia.com,eH5<&4G`{GrL,ypurkiss5d
sbonnyson5e@oaic.gov.au,lZ2(8bj8!pOC,cvolker5e
wwethers5f@spotify.com,nK0&{p%jX*)g,acalderhead5f
aarber5g@people.com.cn,oJ4_=D3AV9,bpowdrill5g
mgerretsen5h@nyu.edu,qG9{dCQ3{J,rprettejohns5h
ihedde5i@reverbnation.com,wC4`sIc'}C,pbenardet5i
bartois5j@paypal.com,vK9*DBNGZdH`,vchomicz5j
zmelmar5k@altervista.org,kM6#b~ZW_)q,narmin5k
ncroley5l@columbia.edu,xI8_@b=PnxsZ,rwavell5l
tert5m@blog.com,pL4@eBwY2i3I`7a,kvial5m
kmohamed5n@ihg.com,oS8@&'FUnU`0,jliebermann5n
mwiddecombe5o@washingtonpost.com,"qC1?Q"")~XKd",cnaile5o
hbothwell5p@mayoclinic.com,eY0>LBEpjUFNUdy{,hbeers5p
mgordon5q@bing.com,nA2`+%Z0OAGik5\,ggot5q
gheustice5r@usda.gov,eZ1\3bbV,cdew5r
mferretti5s@simplemachines.org,lR0>0'r#.aUX7YJ,vgillespey5s
abree5t@huffingtonpost.com,jA2/7H0(>gllo,tgwillym5t
dkilcoyne5u@google.nl,yH1@60qC9ZleNM8r,jedinboro5u
ptann5v@epa.gov,bG7_MH?<Ki,mawty5v
gsehorsch5w@deliciousdays.com,mN1=)/J.l51,cpetrovic5w
dcastelyn5x@ocn.ne.jp,"iY7$o'O""aVcd%xf|",kallnatt5x
krickerby5y@google.ru,"oY5%~F|sw<|""",olinturn5y
jspeerman5z@acquirethisname.com,xH9<zxmRy}uy,gstairmond5z
jeaglesham60@google.fr,fA2!nxKREDNy,ftitherington60
adannel61@surveymonkey.com,"dK9)55Q={yKF,*",jdevenny61
obisgrove62@shinystat.com,fN2/)AE3li2m5,smattsson62
gheinrici63@wikispaces.com,uO1\Xb4=2,mnowlan63
nwhooley64@alexa.com,zJ5&zUPu,nlardeur64
wmanser65@yandex.ru,bS5?p_EH9!o,mgarmey65
fburniston66@mtv.com,jK1`ypqkZYL21,hkarolyi66
kkimmins67@google.co.jp,aC7$V2qI5{p=oH$,rkaplan67
bjent68@php.net,mN0#!ZmCH/M1s?f,rwalton68
kfossey69@nymag.com,tH3~wS@i,mindruch69
tpask6a@bloglines.com,"zH3)=5aB>O1f&,p*",lduffett6a
rassard6b@fastcompany.com,aO9@EarCvmz_,ascarlet6b
doleszczak6c@ihg.com,mL4&@3U04_,bbum6c
avery6d@stumbleupon.com,tY8+/p$CiJy|,smattys6d
gsingh6e@i2i.jp,lJ7!!GIZMv0UDO,koveral6e
bflavelle6f@123-reg.co.uk,aV4.~$rsc_,jwardington6f
nchamney6g@addtoany.com,bC0~o1f<d~N9}G!,wpane6g
msporgeon6h@blogs.com,fS6?N2oK5U},srenols6h
sleale6i@csmonitor.com,wK4_Ju\vz,mborne6i
etuley6j@admin.ch,"yF6?(*eV,r",gconstable6j
fwanjek6k@cpanel.net,fB6)T||&}d,vtangye6k
scurdell6l@cdc.gov,"nG0,h=tO|",rpoulett6l
ayeatman6m@nih.gov,eR7}9&#a~Jc,kholmyard6m
ecleynman6n@reuters.com,tT6/diq.,mcamillo6n
tmcrill6o@cocolog-nifty.com,oO2=gpwWI6M{dV@,laubery6o
atellenbroker6p@cbc.ca,"iE9*N8QV<""_\5{Tp",dsilvers6p
hlecky6q@usatoday.com,hU1%)l=_Q,mrowet6q
twapplington6r@weibo.com,uG8#9ROlBehwK,mdibsdale6r
amarchent6s@freewebs.com,kX0{nUlzDcsjxX,bmicklewicz6s
jgrimsey6t@dailymotion.com,iI8%A>wzV>QY,aloins6t
iduerden6u@icio.us,vA7=lxen.~h`H$v,dberrycloth6u
bscriver6v@cdbaby.com,uX4<xQ=\'v|,jdoore6v
atompkiss6w@4shared.com,gZ6(3uPK,ssweeney6w
bborell6x@marketwatch.com,yF3|L$PqyF!}npk,ahalmkin6x
afetherston6y@omniture.com,fZ9'lYxP3mW6Baw,ctivenan6y
dmaccaghan6z@ifeng.com,"tB3.,.LGFOwCgg|z",bchaston6z
esedgemond70@ustream.tv,nT9*fF|e%br?Mj,kdaveley70
tzuppa71@accuweather.com,"xA1&w!""f%S}<$Q~V",cpriddy71
wmatuszewski72@live.com,aD3#5=.~h.1,anovis72
hscrimgeour73@dedecms.com,"eJ1_,F`P",odocksey73
sstarkie74@ustream.tv,nM4+r|bu~8,vhouseman74
mgrigorescu75@webs.com,"gL9|bm5{""",nathow75
wscrivner76@instagram.com,xQ0@eLV=l,fruss76
fdyers77@tinyurl.com,kH2~`q}~2z),cpassey77
wfairlaw78@geocities.com,yU0{kCh%ak,bburley78
mverma79@earthlink.net,gO2/W8Is~$/OS,umaffioletti79
vjaneway7a@exblog.jp,zB8<_8'%}R=H<I,mcameron7a
mgionettitti7b@senate.gov,"fW8)z)2ej""i",dalliband7b
mparade7c@nasa.gov,gM2~{CADg,sskirvin7c
femblen7d@liveinternet.ru,oF3}hcr)A.&kk+,rglendenning7d
skeeri7e@imageshack.us,kE4#MyQfMs`2q+d/,bcarthew7e
rlascell7f@ox.ac.uk,"wV9=Q.o""ehLo%",mbortoli7f
cpeyes7g@flavors.me,mM4+!gO?ocH,ksimonitto7g
dlatham7h@home.pl,jM4}E_j&)0RB,aellcome7h
rruffle7i@shinystat.com,"gK3/.T5c""!V",nwreiford7i
hsedcole7j@privacy.gov.au,nT7|Z+V+Ad5,fwessel7j
kandreopolos7k@yale.edu,dS7|P)'IH@'+,dhearsum7k
ewalczak7l@hc360.com,xR5#G9`Oq>u,fhutchinson7l
btodhunter7m@yahoo.com,fB0&y<#F>RgK,hmctrusty7m
hshuttle7n@ehow.com,dW0}u5CI\K5?s'oW,mjury7n
aschiesterl7o@123-reg.co.uk,"wN2,ts~Y",jgelling7o
omaylour7p@telegraph.co.uk,"hF3|9!3pm<""I(",kmcleary7p
dwalling7q@surveymonkey.com,vZ9>LRLT.95,kbenne7q
krubinovitsch7r@last.fm,"wF5%2FZ,Jvf",tyarmouth7r
nhamm7s@cdc.gov,iN8\'=P)XE.r9Ix,esimnor7s
rbuttfield7t@infoseek.co.jp,sO5/WTqgoK,grumbelow7t
jmelesk7u@dmoz.org,oN9~tbvP?,scayford7u
bspring7v@bing.com,"rP5*1>'t,Mv_",jgreatreax7v
fallnutt7w@mozilla.com,cW5(&z$D7{f)oY,htrevan7w
thasel7x@linkedin.com,rQ0=cd+?IT+rS,mcoultard7x
cfrancescuccio7y@blinklist.com,lS6%wY@HIHvpSM6.,csebyer7y
bmcginnis7z@wix.com,pQ4)CtVI(Q'OWDa,mblofield7z
apfeffer80@time.com,sH3}'n@vy91(0,jbreakwell80
agroucutt81@tumblr.com,hV2=S=zBj,hbentley81
kkopfer82@ihg.com,fF1!ZBMPpDK,nhumber82
emarqyes83@engadget.com,"wS5""'WL_",kbibb83
wtheobold84@epa.gov,wO2'i`hhA/O+t,jclapperton84
lbendel85@ebay.co.uk,cQ8=}ii3<HG,sheddan85
odoberer86@usgs.gov,"cR1&`,`S",fcherrison86
acockcroft87@jiathis.com,wW3\|_C55wisA<,amilham87
rheffernon88@youtube.com,eL2=~0&8r,eyuryatin88
wmulgrew89@so-net.ne.jp,zV0~%H@`G_'fX6b,cnovotne89
efishly8a@surveymonkey.com,rV7#alW28EWHEm,drisley8a
cstarrs8b@ucoz.ru,"xV7+r=SV}leb,M=7",dbirdis8b
dflinders8c@linkedin.com,sH3{9Ncu7KYG,ecarstairs8c
sdisbrey8d@soup.io,eB1~7QaB4=O&i%,rtattersfield8d
kohannigan8e@cocolog-nifty.com,gL0!S|!@,scrossingham8e
jarmal8f@ask.com,bY7(gl|4bVc,wlonsdale8f
mdelamar8g@spiegel.de,"vJ0,K,nG}(<7",okilgannon8g
zchecklin8h@cpanel.net,"gW6|~C""l6VXf",lginsie8h
apedlow8i@livejournal.com,hS7*}_LMX|+M)?q,gshemelt8i
sheartfield8j@sphinn.com,"oQ4+""jXT~I'%'qtW",ydureden8j
cpoytres8k@nature.com,rT5>}eTZG.4/,dragless8k
kbazek8l@squidoo.com,aF2}eScVw83b,bpitchers8l
lmattiazzo8m@paypal.com,mW4?$3*Ov3,glay8m
cashcroft8n@dedecms.com,lE8&Ij_H\{,lharlett8n
mrobillard8o@cnbc.com,"vW7!@Fv""?jzY",jhunsworth8o
mgillebride8p@gravatar.com,"iB1""93!CfLP",scolliver8p
mcritchell8q@mozilla.org,xG5$Fl#O,cluty8q
hgaylord8r@free.fr,lD8=ypD$,rattersoll8r
ksarge8s@quantcast.com,"nE6_+D""v(B2x""mZT",btesyro8s
peastbrook8t@hexun.com,eS0(4|8ce,esaveall8t
perskinesandys8u@github.com,kX1)Hx*DT,smcpartlin8u
pbernardet8v@123-reg.co.uk,lA1|?76._~D!,pwhitlam8v
tspeares8w@opensource.org,pS5\A>n.p7Jnn,jglendining8w
lwinley8x@blogspot.com,nK7=VtuRnfCIf,rsimic8x
nvittore8y@usa.gov,rR4#m.Ljgx,cbeirne8y
jadelsberg8z@skype.com,kO9$TMKc&(nP,yelacoate8z
nsewall90@foxnews.com,bN3|_x=Wy78js4a,vjoddens90
bdunley91@buzzfeed.com,eB2~hCEWIX,dbromehed91
mempringham92@shop-pro.jp,"fX8\K'/_3""",mpopley92
tren93@princeton.edu,xL0|=3I/Vuw8~_,gbygrave93
tsivyer94@whitehouse.gov,eQ1.DK?W_,agarham94
aoutridge95@forbes.com,wD4'YzRt?u_toj,despadero95
sbeadman96@webs.com,"gL2,*$UYv",lclark96
avarfolomeev97@craigslist.org,bE3!fv6+\z#o,lscolts97
myeliashev98@census.gov,yO5(uG'ejm0qGB3A,kmcgiven98
tenglefield99@hp.com,"bB0,%QgO>S{",kgwinn99
cmccombe9a@friendfeed.com,fW2*4<@mO&&ND,lsanto9a
cbrende9b@redcross.org,"xP8+""5A@",kfillon9b
arowland9c@patch.com,"sI5,uS5Zca/Xj",hlay9c
uzumbusch9d@de.vu,vS3\S6}C*kgN.TD,skopps9d
eagass9e@google.co.uk,lM4>_DMfl,hcoomer9e
vgrimbleby9f@craigslist.org,eM5'=Qg/i$=AM9>x,tkirkup9f
hobey9g@ucsd.edu,oI6\V%e*Kkc3EWqR,ggarrat9g
agent9h@google.nl,"fT8,h0/39!P",tmussetti9h
jpierpoint9i@deliciousdays.com,lT3<J/kr9,twilacot9i
kcusted9j@squarespace.com,"iZ5_""b#HuX",ltrubshawe9j
hknipe9k@ebay.co.uk,"tG7""0R$yF6MB",jferrige9k
esmedley9l@creativecommons.org,rI0?Q6)_~UK<|~9(,cmewrcik9l
lgrubey9m@deliciousdays.com,"qT3@=o<e""laRx.",ksabatini9m
bbrennan9n@usnews.com,eY3?yq8lV4_,idarko9n
rsteinor9o@redcross.org,"jM8)LF""bTQ){zv$c",pmoxstead9o
mbarnewell9p@boston.com,oL4|PsY9,ndemarco9p
gthirkettle9q@theatlantic.com,nH5{x+Ut{eqob,nworsell9q
mdeluca9r@gizmodo.com,gP9}RUn`i.ZO<R,chadwen9r
cjuste9s@vinaora.com,hB4$j=c<8OCH7)l,qsheppard9s
ttootin9t@istockphoto.com,sC0}3EefyLsf`y`R,mdelea9t
rkellart9u@state.tx.us,"dW3,U(40Sgebwq6",gvolker9u
wbarltrop9v@sourceforge.net,iI4'zu&MxFo(,dhacaud9v
hkendle9w@discovery.com,"gP3,17Ds}6F>Ev",bnappin9w
fcareless9x@over-blog.com,dS0`Es!DB3)e0T,bbocking9x
ehamberstone9y@over-blog.com,bR4|z(?l`)Dx(,lgiottini9y
rlawton9z@boston.com,kB9}Z~lM'Fd7vX,cbillett9z
dnasebya0@reuters.com,"pK1""eBfp(mDUxDS",byoungmana0
bbrannana1@meetup.com,hR9>6RwZ~6<|Q,ovequauda1
tkitchersidea2@studiopress.com,rF7#idv}I5wjMw{,tpoulsuma2
frubroea3@cdc.gov,aU1%4zJ|W?,pkleinera3
mcomleya4@weather.com,"dF1|CPr2d,9<h>",ncorkela4
hnessa5@wired.com,jD4}VbSGy+#W8,lcuminga5
wdorbera6@oaic.gov.au,"yC4>S6KAR`9FC,xO",fandriessea6
vburwella7@yelp.com,fS1(8KaL!,czoucha7
skitchingmana8@baidu.com,uL7+zT<QF_=24,jlindena8
vgomera9@ft.com,fA5|w077,mkermannesa9
agenckeaa@virginia.edu,mP7+81*t1,zomonahanaa
sflageulab@indiegogo.com,hR2+)@J=J,rrosetab
ssneesbieac@digg.com,mH3#aeMO!vZW7~FB,llocockac
logavinad@rakuten.co.jp,zG9}!Iyy,fpashleyad
jsunnerae@ucoz.com,uX6(`.>a7d3,doloughlinae
mlambertiniaf@upenn.edu,jZ8`VG<|(,tbissonaf
babrianiag@wikia.com,"kB2/FN'9kZ(""507",llervenag
choftonah@storify.com,"nO8}d""rZ.{",wmeniah
sassiterai@ow.ly,"zJ2'fb).""",tjoderliai
clinkletaj@rediff.com,iK6~!v!<M,aaudenisaj
ogoodwellak@icq.com,"qS8""tR}*5",crickersyak
mdibiaggial@about.com,"oM0)ef=""w'",igrzesal
gconersam@abc.net.au,"gJ0`!KJWgY,2U0(K",jheadeyam
scardisan@mozilla.org,"vI6?,mr8Je",jtrunksan
rwhitmoreao@dyndns.org,eQ4*SJxQ|*g,dsevittao
hsimanekap@nytimes.com,nH4\_`/qj>8N,dchalfontap
mmencoaq@gov.uk,jQ1_32NT,rsoppaq
ldrillingcourtar@e-recht24.de,wE1(($0V,tpellingar
mbissonas@ed.gov,uS8\rF=Q,ejudronas
jchatellat@fotki.com,"vG7#irQjIzMN,z",smunsonat
hpaternosterau@ft.com,dM8=kc`WWSk,rbresnenau
lhalpenav@pbs.org,kX8>ov&=wB!7,jbrooseav
rmassonaw@stumbleupon.com,tB7}s}LiD.%oB,sbaselioaw
fbeswellax@cbc.ca,"xV2|!oLv%+ox6""a",hclausewitzax
ecammockay@gravatar.com,bX9<>EITV,khonischay
smerredyaz@nhs.uk,fD8>Y!{ky~Xce,cdigginsonaz
ericharsonb0@cafepress.com,"vO8""WP>!w%",jmacdermandb0
bsandesb1@fc2.com,yP9>pm4|e|umMO$,akaserb1
ekelleb2@privacy.gov.au,"dE0?nsz""",mtabertb2
asantosb3@ask.com,xE4$k\g2ZadIa*l,pjoskowitzb3
glidellb4@goodreads.com,"fI2""WDw1zS/""EQ?S",lpettwoodb4
gternaultb5@posterous.com,zS8{+*Dw$0LwJ,dmacbeyb5
edyb6@google.pl,yK8|K04i3,lsearstonb6
hvenediktovb7@marketwatch.com,"rK9~""Z2ksD",druspineb7
xpallentb8@symantec.com,gV7\ebU6N{1,sbornb8
ptueb9@wikispaces.com,zK8(Wr_RKdWkZ,sdowsettb9
wsearbyba@aboutads.info,wI7&LXC|5P!,tbrazilba
holnerbb@wp.com,nK5=xBVn%Y3*,skarolewskibb
kbevansbc@cnet.com,"xU6!%`""tQnN&tuK",mchristonbc
rwellbelovebd@slashdot.org,wP9(&5zskLd1?%5,amessiterbd
sgoodwinsbe@google.com.au,bB6(%#X9RyLP,pbussenbe
kmaureenbf@cbslocal.com,"rH7,lDBV",dexleybf
tpickerillbg@hhs.gov,tN3+0+|ciFAOv,codoneganbg
rgrangebh@prnewswire.com,"lC1.9j""ot",lamortbh
dofallownebi@statcounter.com,lB1}4U.a$XmmduF,rduchambi
lyeowellbj@nytimes.com,yU2'L)2Y%=un9RA,bwaitingbj
fphilpotbk@hexun.com,vJ9%'bZPE>>if,lgidneybk
mfawksbl@ifeng.com,oC1#5Haiug,wletchbl
nhuscroftbm@wordpress.com,uW6|oVHo2NuD,lniccolsbm
pwestlakebn@wordpress.com,"rD2+&|YF,,",brozecbn
bcrakerbo@indiegogo.com,cU3$U)D9O?,tdewsbo
bjuanesbp@about.com,"nJ6@*sQ,x+eTx.",dbruslebp
wasmanbq@techcrunch.com,"yL3,hpx#BpEPx_*N",csymebq
mcreamenbr@parallels.com,dA0=AvD*,bungarettibr
ckitchingbs@census.gov,qD7_UorslTV/vI,dfloodbs
bshwalbebt@hexun.com,eX2@A{dhqypA,jbiggerstaffbt
rmckirdybu@liveinternet.ru,wT4&Wl|PP<n'FmUN,hbankebu
slebretonbv@utexas.edu,"iA8?XiuVQ+X,FT#x",lplowmanbv
mvegasbw@multiply.com,uF3!Qw|Kp@Ms=\fe,klauchlanbw
rmahargbx@amazon.de,sS4*%d6?aE,pfranzolinibx
mmeakingby@uol.com.br,vS1`7ZHH3Y,kpulhosterby
mtomsubz@tumblr.com,nY9@n%X!AQ,manfonsibz
cwalklottc0@google.co.jp,rA6=%fFF78?#<F,cyuc0
zklosserc1@fotki.com,hO4(mLHn5OSLs,plowdwellc1
klowndesc2@phpbb.com,"oG4=S5.<)b,\B`",amitchelhillc2
hduckhousec3@army.mil,sL1?F2t07(Y(YuY,igoomsc3
cpaylec4@google.es,tE5|}n/\,gsirrellc4
pbehninckc5@newyorker.com,rA3}6qBj4>d,prushforthc5
adimitrescuc6@hc360.com,oO5'wadgcwMQ,fstratleyc6
mhatfieldc7@hc360.com,cU5'.umx/ddAEul,lweaverc7
kpetkenc8@sitemeter.com,vD2~b/w$hhuvyY,vkerfootc8
ahazartc9@telegraph.co.uk,wI0!irBA)y)Y,dgatchelc9
ckanwellca@harvard.edu,hO6|*hUfNO}B,sughinica
wmclernoncb@craigslist.org,"zI8!Wl/o%j,e=",jverlindecb
kkidmancc@nydailynews.com,yT2)M7H6,ncargenvencc
ncolacocd@eventbrite.com,tC2>Hx{qf>GA&,chilbournecd
dnunsonce@rediff.com,mY1\TPnhE\,atettleyce
mlunamcf@fda.gov,"fK6,Tsm@iM",rernshawcf
ebraiziercg@amazon.co.jp,vD7>d.G%u#=NBw!,cosantcg
jmcteaguech@upenn.edu,"oO5'/T&VB""U+r",uallwardch
ajovovicci@smugmug.com,"nJ0_=oo53YJP,SGf",bknowlerci
cphlippicj@php.net,yZ0&PQ!!p,llivettcj
rbilboroughck@latimes.com,eP2&j_DD~#,zgarrudck
kweatherscl@whitehouse.gov,"eK1{TTB>S"">oS",mtindallcl
showlettcm@ft.com,oQ6+Xp35Z@,ldesesquellecm
hisoldicn@elpais.com,cE9?nfQZ~{H9'/,carnouldcn
gbrachellco@yellowbook.com,fH1}#T%DA`Wd.U,rannandaleco
jwitseycp@state.tx.us,tD5/~4Du7NS1)X<,nhaverscp
slooscq@chicagotribune.com,xF9`#IDcLbzL5|~e,mwatmoughcq
mstephensoncr@economist.com,hA6!!>ts1Z5M,dadenotcr
hreviecs@ft.com,vD9($iBXsL$noRUw,fcrichcs
cskamalct@reverbnation.com,rH3\L>wh,smatthewsct
acornelscu@smugmug.com,gA3)ycy3SCw,aodocu
krableaucv@who.int,bV6?DPEv1<F,ygowrycv
eaiskovitchcw@oracle.com,"pH4.TK9#8$K""",hdalstoncw
vsaggerscx@dyndns.org,gG0<4N/UQhPAtH2,bvarrowcx
lflacknellcy@storify.com,uU2=pSAaj$h0,aarendtcy
nbirtlecz@mayoclinic.com,pW7+Fh!&=oAj!$G,slyddiardcz
mridsdaled0@elpais.com,cP0.esh<~HaZC,knenod0
ctrimmed1@aol.com,dY9~0!)e,bbatond1
ksloegraved2@msn.com,yO2<.s/Yc\kc&,lsandhilld2
csiggeryd3@japanpost.jp,zV2\I9NR48!s9wH,lciobutarod3
sbrevittd4@themeforest.net,"aS5?I,0'u{z}eO9",mgladtbachd4
wsmullind5@opensource.org,pL2_@uI_<Dn,krosenblattd5
pleynaghd6@bloglines.com,"kV4,&ziJI\+Chk",bdifriscod6
mboyced7@nasa.gov,aN5~Ti.1`YXH_,nlasselld7
bbarkesd8@tuttocitta.it,pU8)C&wO$Tx'*,gmusgraved8
claughreyd9@wikispaces.com,eU0>XhQ3Qt,dmcconnald9
vshannonda@amazon.com,eP0%5EbBsL,avalentada
csimonuttidb@shutterfly.com,rX0}qpgF,ldavidovdb
rbrittandc@state.tx.us,bJ8@2\5@Y|4b,lrouselldc
mfassdd@jalbum.net,pZ9_mrrb~iBL@7i2,aillingdd
khewinsde@digg.com,bN1?!Z&0V1,lpavelde
hdochedf@dyndns.org,iX2$qRNyd4),sbrenarddf
hcraykerdg@who.int,xG9*JD4#c4i2G,pbodhamdg
slenoirdh@wikia.com,jA7#(|J3#%Y6,mburrasdh
rpavolinidi@plala.or.jp,fF4.ZIcl/UYa,egintydi
lhowgegodj@meetup.com,zB6!Nh.zT,ghartshorndj
jhyndsondk@fema.gov,pU7&nansNGwWo0),vrodgersondk
usalleirdl@sohu.com,qV8(Rk+},cpilmoredl
wlefortdm@issuu.com,hZ0}<M7_Mx(FsN,oferrarottidm
rbaccusdn@cmu.edu,lN5`h@I4R!kJ'!U,vvanderkruysdn
econneelydo@washingtonpost.com,dM3#hBnn,hprattydo
isimukovdp@purevolume.com,bD3=4DK2,dhustingsdp
lcoildq@woothemes.com,cS2?('XgM+<'w,hwoodhamdq
mphilipsondr@seesaa.net,cE3$I1s!,lblackstockdr
pmanningds@eventbrite.com,uI2=0e\1FpfPj,bogianyds
mlentschdt@theglobeandmail.com,bS7\CN\0<fW`,rszymanowskidt
rmostindu@pagesperso-orange.fr,xC5`s(>),ddonegandu
pdescoffierdv@ezinearticles.com,"aE2#""oA(1VX+",cjirickdv
bborgnedw@odnoklassniki.ru,zH8>OT|lT>T,nthemanndw
dhaimedx@nationalgeographic.com,gU6_5iV},pbumdx
sbeveragedy@house.gov,eP0!#yk=6lq,egaytondy
sroosondz@xing.com,xV3!jTJ)~g{,kgormandz
smyriee0@addtoany.com,aW5!$3pg(/R,ojarrye0
glampkine1@ihg.com,"uJ1_,K(3""}E\YKv",spearlee1
mnuttere2@admin.ch,hS0!/_o7b,epuige2
aodgere3@xing.com,rF8=>&`Sy||tN/<3,randrysiake3
ajemmette4@instagram.com,nW2#(Vs%oXcFNl{,eerrichie4
gdonete5@e-recht24.de,"gR2,b2Fo8",hgarlicke5
jspohrmanne6@google.com.hk,"fD5%Ch<,",torgeee6
fpardie7@vimeo.com,wQ9`~rQ$},ktaylote7
pnetleye8@purevolume.com,lF8|9U.(#k,ldevere8
bdattee9@netlog.com,"tB8""wLa{`_?lbb&",eowbricke9
jcogarea@foxnews.com,zY8/dKQWQq,aouthwaiteea
cgreatexeb@china.com.cn,tS9+#vD/Rt,lchstneyeb
lscandwrightec@jigsy.com,xP3*aJjP+51V@9q,rpashbaec
mmuspratted@phoca.cz,kQ6(cdGz6NR,rrosendahled
cgraingeee@vimeo.com,dC0@QW`DfJ{T\),pfarbraceee
mbissekeref@ibm.com,eJ5>Q3k>,jnewburnef
fharberteg@jimdo.com,gG0#wEofYo<,amattedieg
rneggrinieh@irs.gov,lM1~2~jOj,jbalmaeh
bmorvilleei@booking.com,mZ3)}sP\}o*I/j{,panettsei
babbaej@163.com,lX7\67iGePL,jhanhamej
opattenek@nydailynews.com,tJ7(g5>Nc)\,igoudardek
mcowhigel@bloglovin.com,yG9}PpWrU<v,eclaitonel
rwarboysem@admin.ch,xS5}*vEO~ya,nbarcaem
bbensonen@answers.com,eI3.gU{tI@,nmathiasenen
mdochoneo@cdbaby.com,wQ7*HxDeh|Xpb,mforganeo
vbrasierep@bbc.co.uk,oZ0|k#fv,lgyfordep
vgreethameq@accuweather.com,lU9`v+}vr&,cgosenelleq
mdanneller@imageshack.us,fM0.grM=,asharmaner
sduffriees@hao123.com,jQ2!E5M_HzSy=`@,hlorriees
jmorriset@businessweek.com,"dX2'Gg\j%VD,X",tanstisset
jtrutereu@jigsy.com,iM0.UGB}#),sdightoneu
odellerev@a8.net,sE8._VDon}0=Cl>\,sbriertonev
rifflandew@ovh.net,"dS9}Z,PQ$",rvanderkruiew
gmorotex@arstechnica.com,pO1*hjKwO!0,dmullenderex
bhucknalley@quantcast.com,pE8@~WRk,rscotchfordey
jmoorsez@wired.com,xI3}8R}<v`,cdonaghyez
nroneyf0@posterous.com,tE7'dAeB)l,tporttf0
adomengef1@bloglovin.com,"xZ9~6Jb,#>Kv",lgamesonf1
jmckerrowf2@columbia.edu,iI1#9.Oqy,blingef2
gpinnigarf3@uol.com.br,"dV8,WdhK*",eharmantf3
pproffittf4@archive.org,fT3(UJOf17pWC3?k,amarushakf4
afoardf5@sogou.com,cA7%{gztd?,amorlf5
ltharmef6@taobao.com,hX2.6w_t``5V&3q8,rmalitrottf6
hgeytonf7@walmart.com,"rQ5(,bRU8=B",pbailessf7
csharkf8@nymag.com,tL2)6ob&b,rcaveillf8
krainf9@shop-pro.jp,"cC4{z52zg""~",akinigf9
pharfleetfa@google.com,wD7/k%'sXFbfX>m,sfairsfa
jbrennansfb@linkedin.com,aJ3%>k.{E,mgookfb
aguarefc@constantcontact.com,"pJ6\@0U1Q,pLUY4O",lstirzakerfc
bcurpheyfd@example.com,mU2~vAR<=Q%N*od,mbasilfd
asitchfe@yelp.com,gQ4+2tOyfq,npechacekfe
aagronff@wsj.com,jF8</Br',amooganff
rdoorbarfg@sphinn.com,aA0{f.s),psainerfg
aluckmanfh@amazon.com,gD7%gPFa{`J\%7PQ,mduncombefh
gcoklyfi@google.co.jp,gV5@yT!+Jm,cghilksfi
lgallonefj@multiply.com,lM2@uFuq,tvisickfj
lkeitleyfk@ebay.co.uk,bC2$g'?mGs,hswindallfk
phinksenfl@cloudflare.com,rO2<w@~Bxfn$'Tf,cscotchmorefl
adrewsonfm@qq.com,"xV8,PluR9",mkalkoferfm
pdefriesfn@forbes.com,hW1_\kS47n`y4|m,nperazzofn
nrowanfo@adobe.com,"uC6#Pq!Z,4",jgathererfo
nradagefp@deliciousdays.com,uR3$|a>7b,ycharterisfp
rtamlettfq@java.com,qA6&+`ZB,rabreyfq
cjealfr@goo.ne.jp,"pQ0+m|,qT1,&_=I",nduplanfr
thamlenfs@ucoz.com,tK0{)9JZglL,jbearwardfs
cpantherft@addtoany.com,mT3'i#O'ec+t,kbumfreyft
cormistonefu@yale.edu,"iZ9&rbS,T@'{Ux",mpurrierfu
bfaringtonfv@sakura.ne.jp,"kT4$xc*6C9.,4",dsawyerfv
shollyarfw@blogtalkradio.com,kT0\UD~B_oNa5v,kwybernfw
bcolletfx@angelfire.com,qL5}6f<K@M_#,kbailesfx
rmortlockfy@sitemeter.com,tX9`tIIl,hcluettfy
lhalfpennyfz@posterous.com,"pH0`hx+c""F/dd",cduchateaufz
jmurtong0@homestead.com,tS0$.GF_j@ce,afuxmang0
jdawneyg1@reverbnation.com,pJ5@9qopm)TT'S,ecarslakeg1
fjoysong2@networkadvertising.org,"cA4',ycr",jloftieg2
gmynardg3@1688.com,dQ9?gE<'6L,vlammertzg3
ovaseg4@moonfruit.com,dR9.EzFCBtl%HG,svasyutking4
achampagneg5@google.ru,nX3&iEuK4kM,cjockleg5
ehubbocksg6@meetup.com,gD8&Oz~e2w$ks%0,cprazorg6
tgouinlockg7@a8.net,xU3+)rEE,cmilneg7
rbattg8@gravatar.com,gS7}rBT%,tpeschkeg8
cocridigang9@reddit.com,wI4<4IwD~HFSUc2,remmetg9
sbittlestonega@engadget.com,vS4$c7S+DAV!,rspallga
ebarbrickgb@google.ca,uX1$h%/g=}W1,eizsakgb
smunninggc@ibm.com,aW0'IBc~o7r8Pbx,imacmickangc
bbroadwellgd@addthis.com,qU5)=%.f#=*,mharbingd
lyarrowge@indiatimes.com,gK1!vDPJlJNF'j>$,bfultonge
kclissellgf@utexas.edu,dO7/'v1\5B&OD8,bramasgf
dhartleygg@hc360.com,"eF0"",J{4Jc&Rgi",vcasboltgg
sodonnellygh@ehow.com,yP2<hg6rv>,phughlandgh
kclutramgi@istockphoto.com,pH2|Nv.dQ}bG,llynamgi
csommerlingj@phoca.cz,jL1'O!_wJ|PD{,qferraringj
kaldhousgk@wired.com,mT1_wruJR{iw&o,hpraundlgk
lreyburngl@pagesperso-orange.fr,"xP4,KgOg2v",ggillergl
jguerrogm@hc360.com,cR2>h{_L>=e,nduddingm
hbannermangn@pinterest.com,nX7}|%r'i{3J<,zstainlandgn
rclairgo@artisteer.com,xQ7\XzYAxXjW,pcrosettigo
mceriegp@cmu.edu,uW0>\6_P<1tRU\F,wscholegp
rcorbettgq@washingtonpost.com,bA8/.Iv~n,ckeightleygq
svokesgr@wordpress.org,mH7<(?y{z2E~%2<,vwelhamgr
hmulvaneygs@about.com,"mZ5%a""nhQ<B",rboadbygs
dgregoracegt@reference.com,hR1=y9m49L_jF&2,lspurdengt
dlabordegu@skyrock.com,sA7}2@$Zo,chillabygu
bbuyersgv@bloglines.com,"sF9~SWl`4xa,T",ljarvisgv
mmacnamaragw@joomla.org,sU8'OOoNxiwg|!HZ,kgaitskillgw
etackergx@shutterfly.com,dZ4}+fkKf#fG#,srennisongx
dbellhamgy@sourceforge.net,"fQ8+h7T6_,0",gseidegy
idonnellgz@storify.com,wJ3(?>%5Do,ewinklegz
kfindersh0@deliciousdays.com,vW7?>&u47Pi,esodeauh0
bthodyh1@dagondesign.com,sT4'/z.DT/E,igoodbournh1
aocarranh2@umich.edu,yY0\<f#hhNEoVtPr,orowlyh2
skillickh3@google.co.uk,sD4!LTV'4UHh2p,gfurtadoh3
eburchillh4@elegantthemes.com,cR0_)5iX9,kquilleashh4
cjacoxh5@digg.com,"tC6=`RG""xN",rcampesh5
nriguardh6@deviantart.com,mR0.7dQmPENw.%s,hbarhimsh6
blambertonh7@indiegogo.com,cO0}Jr\BM,lcorshamh7
hruckmanh8@amazon.de,yW9~VFEgbue>W+vS,rdigiorgioh8
lellingsworthh9@prlog.org,jA0*8B+E2,nshatliffeh9
ndavidsenha@mayoclinic.com,dZ8`Ue`kW$>}l7,nbachuraha
kroddahb@skyrock.com,"mH5,t(%zpYi""ym",fforrehb
tarnellhc@engadget.com,"zK6/,lHQB",egrzegorzewskihc
sheildhd@qq.com,aH9\$ZdfD}d7e_*,bmquhanhd
lpressnellhe@nationalgeographic.com,hX5=BXhA/a,kearwakerhe
aswaynehf@spotify.com,sR5_VohMS!',cadamhf
parnefieldhg@chicagotribune.com,gC2>5j*IX,eboschhg
mjaegarhh@qq.com,rW5&G)If`mVxZG2i,pbrunethh
gyakebovitchhi@oakley.com,lQ4%_6?`,iportlockhi
lmcevillyhj@canalblog.com,kI5*ybj#H,lfewingshj
nteodorohk@archive.org,vU6&83vLK`$y2,crollhk
sfarmanhl@narod.ru,"lI6*nmYmD`,b4y",nreusshl
lchisholmhm@stanford.edu,"tX2#gF>n""uAc|nb",aivanetshm
ddablinghn@apple.com,nX8{(tDO),smerdewhn
sbateupho@amazon.com,dP2%7&~BXEISsz,mcapnerho
vlepinehp@over-blog.com,"oP1.uTLB,r.",fflancinbaumhp
cokenfoldhq@ifeng.com,mH5'fb@tw}c)}kh!,esachhq
tbeavershr@i2i.jp,"cP5""nxWMvj",scauleyhr
ahamlinhs@dell.com,oE1)|a2'l5Me,droadnighths
hdenholmht@intel.com,rU3~%$K=%',mrydeht
jflowerdenhu@cbsnews.com,"vS3""Y&2Y\x09=",apackehu
afarlambhv@apache.org,eY3)${(}v2&?8r,bmosleyhv
ebertomehw@discovery.com,"yN0+y""zCymUSW'",mscathardhw
nfibbithx@indiegogo.com,gX3`pWAmI2,spittockhx
keagellhy@ifeng.com,iK7%KHnR*,bmewhahy
spirniehz@ucsd.edu,"hQ4""=Cvq",caiskrigghz
ddrexeli0@freewebs.com,iZ1!}hBd~OT')rMA,aakredi0
rdumbralli1@hhs.gov,wV3{Nk(}0CVp_.85,whasti1
pcornelyi2@msn.com,eM8'6zH*=Xil}rJ,cscotteri2
enortuneni3@twitpic.com,tU2!i2~2,jjochensi3
hhickeni4@jigsy.com,gP6*4o%$pIwP,ogorgleri4
vspaceyi5@google.cn,nT1!kRhu,rscarsei5
lvaldesi6@aol.com,xK7#D=M1@,rlobbei6
teverleighi7@ftc.gov,"vI4*QzoTr|2C1,@6",dantoniewiczi7
kryali8@simplemachines.org,mZ0`.b{yy?6,hgoreisri8
hgreddeni9@symantec.com,dG8~R2f#KPCAYBT,lcastillai9
predsullia@google.com,mZ7$4}>!\6D,abourcqia
jfittallib@geocities.com,dZ9/)P8bHZ+8OF(,rorfeurib
mbyramic@jigsy.com,"pO5\""IQyr006Hfw",hhearonsic
gcaldicottid@soundcloud.com,pL4'}vg(cUM%>smM,linfantinoid
pkalvinie@cbslocal.com,nB2!\5Sq}2\BD==F,kmethingamie
xduiguidif@php.net,uY6~mVIIO!Hw,amctiernanif
tzarbig@goodreads.com,"dQ6,$P!js870`4W",alandrethig
blucianih@naver.com,"jO2*}3Wb>""`TGP`",dmurrih
ltampionii@tamu.edu,lM4%NW{%3n~q,tbickmoreii
esoroij@digg.com,wX2}RUF$,rchapelleij
nalexisik@msu.edu,eD0*<@`ZWq,vsurmanik
nscottiil@cdc.gov,qG6{'lcBop/>PB+&,tseeviouril
zscrivinerim@sciencedirect.com,eD3~nETDlM{,abromptonim
bmaccaffreyin@ifeng.com,"hV4}U@BT({v#UX,G",cargylein
kswynfenio@google.com.hk,tB2=#fi{#{,gglasonio
kdunnicoip@symantec.com,dM2.d{me<,ynassyip
ehammarbergiq@wix.com,mE6)DFhcy$OaYDm,pcapelowiq
hcandwellir@mit.edu,"yO1""YU?Tn!",llehrir
lsimenonis@oakley.com,bI8#$iDO3\l0M(),losgodbyis
acaulcottit@auda.org.au,"zV2/!,CFNl/KZ/~1",clambirthit
scassiusiu@examiner.com,bK2?&db>05@<2lf,jwaleworkiu
slamborniv@drupal.org,"xT5`EyBOWR""{SAu",bgebbiv
cchevesiw@i2i.jp,mM4`+u..ft,gtippleriw
aparradiceix@wunderground.com,"iM5%a>""T9TEVI\H",hdurekix
pmcmechaniy@netlog.com,vJ0'oU*F'2zE3FF|,mrubinfajniy
jellifiz@umich.edu,rV7'<`)syO_,akachelleriz
mwestheadj0@virginia.edu,"xC6<y!f,wE",deverixj0
dlengthornj1@columbia.edu,hU5&+mQH,fdammarellj1
kallattj2@google.it,tR5&{IZ21KB`.,gcompstonj2
obeetlesj3@state.tx.us,dP3`+r=(pNK,jburhousej3
vhassallj4@globo.com,sU0@'I7P?*,mmerryj4
kgrichukhanovj5@fc2.com,sT6#H~#9)ypMi5n,bbattyej5
amacdowalj6@engadget.com,"bN7,l&sj""C&gz#'",eyosifovj6
bleffekj7@virginia.edu,hZ5\'9Zc.Exs5Ek,tingoldj7
ctumej8@dagondesign.com,zL4{0zS0%H4bmGN,klairdcraigj8
kabrahmj9@livejournal.com,tY0*4816z(\,clantej9
spotterja@godaddy.com,uU9+#L9?&,laughtonja
sclaidenjb@opensource.org,"eK6<3G,)gc9,",jmcphaterjb
cmessrutherjc@people.com.cn,xE0*<j(C|Gv{JM8e,kjoburnjc
dkearsjd@jugem.jp,pZ9/Cl1?*,mfiddemanjd
aroebottomje@amazonaws.com,oZ0_Q>\pNU=axug,asimonuttije
lacuttjf@about.com,"gD2{'OpyvV,`*(fe",pminicojf
jplanjg@elegantthemes.com,yU3<S$(o3ws4X|E,cmorkhamjg
tastlingjh@opera.com,kE4(ge2axl3YA,pegerjh
pkingcoteji@nytimes.com,aF5*MjN?OPlDs',ccoweji
ajolliffjj@bbb.org,lJ4=$I'@.,tcornbilljj
amealingjk@xrea.com,"aE9!eg_Y.|+v,Zq",jstutjk
gnattjl@webs.com,"eC4}w`~,47F(yi",klowtenjl
bhaglandjm@meetup.com,vY6=UYRA,asabbenjm
jseamerjn@ameblo.jp,eR3+c5MhXr,bpitsonjn
labbittjo@uiuc.edu,pO4'@0N|}S,nhartzenbergjo
mpaddeleyjp@goo.gl,qL3{UXOTPu7X=jF,pcaplinjp
gverheydenjq@wunderground.com,uI2_QSFyI4%4,awhitleyjq
locuolahanjr@blogger.com,sW6|~#lb,wbridywaterjr
lpolendinejs@oakley.com,cI5+q?W)w/64Z,eluciajs
bgarfittjt@discuz.net,"mS2""uy'WKCUesQr2",bpenyltonjt
pwiltshireju@facebook.com,xF1/)9q`,sstqueninju
rharrimanjv@yahoo.co.jp,jV4/(AQyRLC}d,cpfertnerjv
thuntrissjw@technorati.com,"jB7{~,$/Ofg",hkeatchjw
hferrijx@census.gov,iP3\G*>CwRVPy%,tsamartjx
sfishjy@tiny.cc,qL2#Wuwm!A|{z8P,dwiggettjy
bsinclairjz@ca.gov,kQ1}p}?qD,mdiblejz
amingardik0@godaddy.com,"sG4/7I}PnV""}",rwaszkiewiczk0
sliversidgek1@lycos.com,uH0}t'(VXq#?|'Q,lriddickk1
adowthwaitek2@canalblog.com,"kT2+(""6*)V,5",jleariek2
fcroomk3@twitpic.com,rK0/9o8tH.fm>FjX,amcgillk3
bexterk4@apple.com,tI8_BB&K28,dsaerk4
aseegark5@google.fr,eN0#O}=xve!'d~j7,dsiselandk5
clegrandk6@alexa.com,xV2/s6d2MPqe,cchopink6
mlimmerk7@toplist.cz,gG8`f7we'lzk|,acremenk7
thaughk8@google.es,fS4|Z70@,grembrandtk8
slegravek9@diigo.com,"cO0""ZY%88yz0B",ehudsonk9
ksolanka@paypal.com,wH4\0BlU~otl=*cR,wmacilhenchka
dbruyntjeskb@patch.com,wU4=Za\Cw,druslenkb
hhullykc@wisc.edu,zG5&%exmUMeP5!,fkelletkc
aadnetkd@amazon.de,fU2.}2uBkqaYY),smccallamkd
ahartellke@whitehouse.gov,qO7@#r=1,kdecayetteke
hmussettkf@usnews.com,qR8}FrSMmFj1,onawtonkf
bhendricksonkg@is.gd,jG9.5~@hJ,sandellkg
nfersonkh@jimdo.com,bJ7$G42U$T5,pbernthkh
lhorsewoodki@netlog.com,zR1`+G{&2Tr},arickardki
asainterkj@google.com.hk,"dK1~oa/9i0,n$/+",bgotcherkj
jvigourskk@discovery.com,sO0>rogx\6,rfisbeykk
ebenoiskl@dell.com,nL1{HWL~On~,gpetrichatkl
ppattingsonkm@lycos.com,pU3.#Rczx5#|+}@,dsprakekm
citscowiczkn@typepad.com,rY6\VAPUe,lmattingsonkn
gfouracreko@adobe.com,"iL6((2c\4#""mm",wtzarkovko
snaulkp@weebly.com,aB8/J<gS7l8,mlumsdainekp
vcreboekq@mlb.com,"pW9""#HRLd",pmacfadinkq
jyitshakkr@comsenz.com,lO9+MiXyi.s,bslanekr
zheineckeks@over-blog.com,hA9.~3<9'o49@Z(,dwhimpks
hdunleykt@wix.com,cY4~mFxA+1n%,credpathkt
dmintoku@sphinn.com,eG1|.I3vG,ssuttellku
ablaguekv@loc.gov,zK1/el0o'I?4p+,rleebkv
pimortkw@go.com,pY0&@LeS\ewc&~}r,gtantekw
mrawlingsonkx@shareasale.com,"sS5<m,@b4@%t",jheishamkx
dscawnky@a8.net,pS6!p)&G/`XawhAV,akitchinghanky
kcamillokz@guardian.co.uk,dI2?Zg|N+(,sfairbracekz
cpeterkinl0@issuu.com,tE1*4D'8W|YzA35,alepperl0
gwallbrookl1@dropbox.com,pK6+g)WgIYU,kcocktonl1
ohartfieldl2@yahoo.com,fS1@ICD7,acolvinel2
bpetruskevichl3@marriott.com,wY0@sSZR<WFq9,vgorvinl3
nbilslandl4@reverbnation.com,gZ2%DB?4T/Gm,gstampl4
bshoutel5@dmoz.org,mI0?K$~?*X+L%,fstoltzl5
gchetwindl6@tinypic.com,eK3/+B'T|)t,jgotliffel6
atomlinl7@multiply.com,oY2|NiNgz0tv,hbrianl7
lbehneckel8@mayoclinic.com,eY0/ZQqn*,rchestneyl8
cnethercliftl9@dropbox.com,nB6~WKF9(,lliddicoatl9
icamseyla@pcworld.com,"zB9,w6?e.,f&8gm""",cmenziesla
spenhaligonlb@sourceforge.net,"sP2`""4A2_%RT6|",rdreierlb
iboxilllc@dyndns.org,pX1&ITij~ZMWq,dnoquetlc
cmerfinld@vkontakte.ru,qS1'Q%7z!?,ehostanld
fkilpinle@bandcamp.com,uP2?}zygCXn4,aelizabethle
ebatchlf@feedburner.com,gP4~O!NU9,astobielf
sburboroughlg@upenn.edu,"mG3&`uI""1eL<g",ccomolettilg
marmalllh@gmpg.org,yF0/NZ7{rM`n5v,wpaolettolh
ltuerenali@arizona.edu,uI9+G<7Zrg,nalebrookeli
acreserlj@godaddy.com,"qS9)cw)""Q{&x",obrimblecombelj
mzecchettilk@soup.io,rA1?!1jm*gM,ahighnamlk
rorrockll@nih.gov,rN4%xlFN26t,owarburtonll
fjeanslm@yahoo.co.jp,"rZ4!tNDq,hKrB|",mtanfieldlm
aerdisln@mail.ru,lG1)1M)62T4!,lreardenln
bgurrylo@un.org,gZ8{84OS>}<8},jbeezelo
ikluglp@sitemeter.com,yT6|<#0N<V7*/fU,cpenwrightlp
cattowlq@ovh.net,"jW7(ePxPg,i74",cdayeslq
ecasslr@constantcontact.com,wR2(/|+)0wm{.<,ohepherlr
gcowthartls@gmpg.org,"qT6,~}i&a5#I~Ub1",ojefferyls
hleonardelt@twitpic.com,tU6*mmO(iC\d<z,bchessorlt
lbevisslu@dyndns.org,tO8@ZSOJ5/iRM,tmcgennlu
awedgwoodlv@oracle.com,gF7_{auqMXU,kdruittlv
jferrigelw@tripadvisor.com,uT6%%!VY(,rpanyerlw
achiddylx@fda.gov,nQ8\)Xe1sOpRv,mdanslowlx
jsandyfirthly@msu.edu,dM8<*>\Azf,shadentonly
ywilliscroftlz@blog.com,vT4*(PHUM\VY~L~W,gfaynelz
fsilbersakm0@odnoklassniki.ru,eP1<~A7xCGaI1,abasketterm0
msainesm1@google.com.hk,pH9+ZR~b,aparncuttm1
mreilingenm2@mac.com,kO6)}8Krhgn!Q,bpriddenm2
rshalesm3@xing.com,nA5#4CwzDEq,emckallm3
jmcvaughm4@redcross.org,mN6|i+JOc,mcolreinm4
elabarrem5@ca.gov,"lH0~cA&|,o}!HjFF",jstampem5
dfranksm6@free.fr,jD7'.6`x,erochfordm6
mhardemanm7@alexa.com,uI2?l8w?,bdinsmorem7
bconwellm8@admin.ch,qF1)erc(jooH,rambrogiottim8
llighternessm9@diigo.com,"yM7/H,\TKsjh?d/",dswattenm9
wdevriesma@bandcamp.com,zQ7'I0zL_$,bpaolaccima
ccardusmb@lycos.com,hP3~R1i/l,trickeardmb
cbrandonimc@loc.gov,aL1#QEmwBg%@~`,cantonovmc
dlabonemd@163.com,aM4`TQg18kq~<,bformiemd
asteinorme@friendfeed.com,xN0_wI+JTm{Gu+*N,zcrinkleyme
eengledowmf@nih.gov,gL5)g@t2/I,ehickmf
pkilliammg@sohu.com,"bO1,E,|C",lrimingtonmg
sbenyonmh@symantec.com,zA7|I#CO,sbrimmicombemh
agrayermi@istockphoto.com,lL5@'1ZstDO.Mp,xjansiemi
akarchowskimj@usda.gov,mY4/d0k}llq,cmeardonmj
kyanshonokmk@java.com,nU6_hIX$AD,vfidgettmk
rgregorowiczml@xinhuanet.com,iF3)7`<'ru,asymmersml
gmatzeitismm@java.com,kF8%CAE8qop1._t,coughtonmm
bsucremn@loc.gov,wV1\uKf}!Gg@8,mswannickmn
pdupremo@nba.com,cA6*kWOV5,ssymmonsmo
ggiraudotmp@uol.com.br,aC9&H_+Z%N',sdoncommp
ogrimmmq@virginia.edu,"kO1,qh%i88m2w",efarquarmq
dgwatkinmr@sun.com,mF0>!>ug.*O/2,mmanganmr
gabellsms@webeden.co.uk,uO3?D/LI|u,apaolottoms
rkerstingmt@elegantthemes.com,"vB6""u`!Q/\C",ktwattmt
colenovmu@lulu.com,zU6$tvC0fW8i,htunnadinemu
dclutemv@alibaba.com,uF0!{83j@ua~s(,gvysemv
wpigginsmw@slashdot.org,rM1_zj>`,pravelusmw
vhorningmx@oracle.com,"oW1*qp_U,u)3g@UU",jpontermx
wzmitrichenkomy@gravatar.com,lF6|'AOeoD#PHCv,amanolovmy
vyarnallmz@army.mil,tZ6))iZ<RzPK,noxenhammz
rjendrichn0@studiopress.com,oJ6|_6aI.EH,hshimonin0
rramshawn1@cocolog-nifty.com,sD7{&$G?0}>b1wzv,acarrackn1
hunwinn2@accuweather.com,aG6*=.j@Aq)7E,cmundlen2
okunneken3@time.com,fO2=`IuL@VFV+Pi,rpettersenn3
lridwoodn4@guardian.co.uk,cO6{z954D$,dhanscomen4
mcromleyn5@163.com,hL7|0Uq.OzR,rwellingn5
ovanyutinn6@ihg.com,lX9)KMulf,battown6
bbilbeen7@symantec.com,"zY3%fW<upP,",dtappern7
amineghellin8@joomla.org,pP8~my8V3,agrabenn8
chobblen9@ftc.gov,fT7'%JP%lNmmQg/9,thamblingtonn9
mdietmarna@miibeian.gov.cn,wT7!dRx)}RsA,mbenoitonna
wflowerdennb@plala.or.jp,"oH3$#2,*rX+",ejackettnb
hnewbornnc@biglobe.ne.jp,mW6_|%H7mZu_9a,gphidginnc
chappernd@harvard.edu,oV9\MOX\q9\+N(,kwoodsonnd
ghewertsonne@goo.gl,iD3'DI1.XNDI,asyriene
lmclurgnf@seesaa.net,"fZ5""yKGoK/~&Ppu<",rdownf
sbreckellng@google.com.au,zN5/Z$g@DCW,swethersng
jbenjaminnh@mapquest.com,"tN9|ci}""Q5+?/nd(",mtravissnh
irustedni@shop-pro.jp,gT7$3+S)BAz9,afearni
aboownj@meetup.com,"iS8)7'4d3jMu,",ayurukhinnj
lmcgrorynk@usa.gov,"rO4$Fw0,z$jrIjNM",wraesidenk
kmacmeanmanl@nifty.com,mZ9+r~3OBv,acrainenl
tgreensittnm@edublogs.org,pM3@jdky\0TJ(Yx,ibrittonnm
fparramorenn@hugedomains.com,yP7==maC4,asainznn
pjenikno@mit.edu,nJ4)M8Rr6iP3@,gthiemno
akeynp@addtoany.com,"uD3?s""J,{o",prandlesnp
lgillibrandnq@opera.com,"eL5,usf,@OBb<$B",rcrewdsonnq
avanbruggennr@yellowbook.com,"bR9#+FByg)(m9""",mubsdalenr
cbairstowns@microsoft.com,eX7__{0Sc6p0F\1v,kreedyhoughns
rmccritchient@tuttocitta.it,"qM4`""Zh@_K",dmalinsonnt
rcrowdnu@purevolume.com,mG2(y?wnE,mscrowsonnu
wkaresnv@tamu.edu,"sD7_OV,n",pdewettnv
vandraultnw@reuters.com,aZ7)Jrg#,chudspithnw
blaurencotnx@wufoo.com,qK2~$t4I\8a,sbrazenornx
lmacailineny@odnoklassniki.ru,"dA8""U,R!zr=i4",qstilgony
yjallinnz@mtv.com,"vB6\c,?+w_hta",mrubinivitznz
lmaureeno0@comcast.net,"rJ0""d#lIlh",prochelleo0
wdelasalleo1@wikimedia.org,gV4/VS`m?C*,rrenneyo1
hkevereno2@pbs.org,zQ5/eo54{a1,dbrewertono2
sfloreso3@patch.com,"sD9#F1B5W5,\.K",nclaywortho3
gczajkowskio4@netscape.com,"kX7(TW}NO.w,p",nfennelowo4
lbeadeo5@yellowbook.com,tM8{}Y'Nx}QD*6,jpiddlehintono5
efairbardo6@berkeley.edu,sW8&6WhD),tdabbotdoyleo6
rtenbrugo7@mail.ru,"hZ0~L""tZ_GU@",lkonerdingo7
cplailo8@time.com,oD7_h/dx,ksybbeo8
dspellacyo9@hexun.com,lR7)EWUf}pUVH<,psoaneso9
jfowleyoa@cocolog-nifty.com,xS1~KFOm~?_,mrandlesonoa
hmielnikob@paginegialle.it,hK8/WXS>ym!#~,kstauntonob
iatheroc@squidoo.com,qV1>!IX%V14~}U,tvillaronoc
dhostonod@hibu.com,eS8=3'|V=XwEi,mkettod
jlaythamoe@foxnews.com,"uY6<~3JeS,",cfranzottooe
gwoodlandof@skyrock.com,fB7.+X*U!,rhenrichsenof
cworthingog@comcast.net,dM5*ej|6O8~pe!ij,acicceraleog
emcsorleyoh@google.cn,wU7)+dnq,bmacgowoh
bputtockoi@yale.edu,sE5=flOY46,acozensoi
kdonooj@prweb.com,gG3_=I}lxBX,msharplesoj
bkubasekok@imgur.com,xB2@pXJ$%MSN=j,dulrikok
nloundsol@ihg.com,yU8/Mf%qJFlSr2gU,brawllol
sbeswickom@pen.io,cP1<~oPt,jcoilsom
gconahyon@wsj.com,"mD3,l9bX'Bb?WL5~",dchampionon
nbrockhurstoo@alexa.com,bB2!pVD'U{X2k5qy,msoppoo
hkeyseop@imgur.com,uW2&K80X*Qn40I,emckeighanop
mtowoq@tumblr.com,qS7}*iSNX,mbibbyoq
nwheelbandor@imageshack.us,sB9?rH6u,nduquesnayor
epattenos@nymag.com,"yP2""uk6S/G",bfellinios
ewildashot@tinyurl.com,nD1!W)D\&l!|G3d,jmcleseot
thyattou@mayoclinic.com,"bK4,<q04bx""#,",tvasovicou
rcolbranov@cisco.com,qC9`z`O'Y3S,mboynesov
ssouthernsow@nyu.edu,"kW9""V\?Aw5{",sbyromow
cmontgomeryox@salon.com,rZ9>5gay#tz9F,glovartox
dkubalaoy@quantcast.com,vL6.X1%=,jflemmingoy
lmottinellioz@guardian.co.uk,"uS6+~YOs"".WM",cmaccombeoz
mspuffardp0@ameblo.jp,"kP8,r_FuePlL",bburrasp0
ilubertop1@boston.com,wY5)bXkDhy,dthelwllp1
ecoulthartp2@marriott.com,"yL1*l>,G0dw0vj",fplump2
skerriganp3@jigsy.com,lL6'D9I9Yo,dgateshillp3
bklazengap4@admin.ch,uO0<ngqT,mwillowsp4
lklugep5@paginegialle.it,uL1.sH*8A+|o,whaxleyp5
eabramowitzp6@wired.com,pX6.7HvC,vphairp6
cdavinetp7@sbwire.com,"iO9+(T}F3""Kg",mbancroftp7
pglandersp8@flavors.me,"nJ3,PpSPRf6",ldonnachiep8
desplinp9@state.gov,uY1\RZUP)4u{n,tlanghamp9
cmansonpa@aboutads.info,vC9=5x6R8f,kbriddlepa
cdenziloepb@g.co,"zP9,`#&=",rawmackpb
nbalharrypc@linkedin.com,"iI3>|U""w2Sr+",eryepc
cstrainepd@sitemeter.com,rS7)'`y{LNu,mmastrantonepd
bfullylovepe@ox.ac.uk,eU1.k*'<%c~XoH,ebrabhampe
calvarezpf@nationalgeographic.com,aY1>xb=_fM,bburchallpf
shammerbergpg@qq.com,mS2)F.m!YYvqrv,gbickmorepg
bwestnageph@naver.com,"lA0\""Ssz.~Q",rszymonph
alascellespi@ed.gov,dQ4(xcOVX4wxuqT,bmussettpi
rhartleburypj@youtube.com,"rL7%vM',6*!d",pshadfourthpj
jcogdellpk@indiegogo.com,aX5(Q(iB'Utblx<,ckitepk
bkinvigpl@unesco.org,"kF0>""H7D""v",fconnechiepl
bgoodfellowepm@huffingtonpost.com,nV8<Su62N.J<?,jlyttlepm
gschulzpn@dailymail.co.uk,oW7(Bb9fXUhtW,kmishpn
smollattpo@apple.com,rQ8=@H)N=yy,nwoodrooffepo
bpoacherpp@pen.io,iM8$Ak3ZB,cfrankspp
ngoldhawkpq@tripadvisor.com,rJ6.OAOJbi,mpimleypq
hjeannessonpr@indiegogo.com,fM3_Gr!COWUL?,cdownpr
ccamelinps@go.com,"zC7""?39}PO",bnollerps
scornallpt@phoca.cz,nP0{H#MoO2(j3}gX,tbenedyktowiczpt
fpautotpu@seattletimes.com,uW5+wD%$NK~_,kdowrypu
bemmersonpv@state.tx.us,cF0_nD16d/wRkIK,aczajkapv
csorrelpw@artisteer.com,rI2\Li8PrBgD)+#t,ccowpepw
dferrarinipx@weibo.com,eO4%}+@jmb,swagerpx
mphilcoxpy@elegantthemes.com,qS3#Kd@x8/~z`f,smaccallionpy
tredfearnpz@simplemachines.org,gO6)R*?|!/c,trolypz
tcoolsonq0@wiley.com,tG1+S=?LJ)iZW890,adyteq0
fwalczakq1@ebay.com,lN1%X=.mx1,cberardq1
nattenbroughq2@bizjournals.com,"cW7!,Q5J",fyakushkinq2
mtraiseq3@1und1.de,bZ6'hbI`NZ'mSw6!,mmannixq3
aledburyq4@youtu.be,jR3\eGfgT.$cQcor,sclarabutq4
lprestieq5@ocn.ne.jp,"gY1{.Z$Hky""P",cjanewq5
qaucourteq6@omniture.com,bO9.Ub7#6',bcropq6
ptaylotq7@vinaora.com,"xF2@Lea,t.Ceb",kpartonq7
mdorbinq8@goo.gl,dF9/!Ft1X!fOxz,ebigglestoneq8
mszymczykq9@hibu.com,fR5|fBVW+kZScBv,ikewzickq9
kcheneryqa@so-net.ne.jp,"cB8}B_f+.6eOH""K(",bloaderqa
skynderqb@discovery.com,yR6+K_3ZPMj?S~.,styzackqb
jcoathamqc@4shared.com,"mI3*5@w>""Dx4!|",awalcarqc
hdougherqd@g.co,"oV7+eBn,\WX53f",mchaddockqd
carendsenqe@house.gov,nO7+Ap<0v~A0h(,rodegaardqe
emcclureqf@usnews.com,bV3.gh2Q7!SQ,fhryncewiczqf
jmingameqg@cbslocal.com,kB7+835R1s,vcallowqg
dhardingqh@infoseek.co.jp,"lO3""vINi!dPOV",gattoeqh
rsaffenqi@webnode.com,"wE0""44~*U>CJJr9""",rpulfordqi
bharmstonqj@woothemes.com,nP4%2Jqg,pcrumleyqj
motteryqk@toplist.cz,"zH8!,.>>",hrappsqk
skeatesql@edublogs.org,fQ2~rbfuXYbc1V,nrantoullql
tsudddardqm@flavors.me,zJ2+!LI<*dQ@7hs,mgeeveqm
hschermickqn@cisco.com,xF1}n(u_u~,myouingsqn
jmaffiqo@privacy.gov.au,nA3?NK%(t4SUH,wbufferyqo
ntomaszqp@gov.uk,rM8}UK$8WH},cglascottqp
fbyassqq@fastcompany.com,"hA5/V,p9(",vmeneoqq
nwavellqr@163.com,"oF2#kyLWf/?j,",mdartheqr
rmoorerudqs@hugedomains.com,"sG5),&""q&qL/10eh",jfairlemqs
csainteauqt@blogtalkradio.com,cX0?@CikIP=,tshavesqt
dchesserqu@jalbum.net,pL5{38*{!t,ipettecrewqu
eheepsqv@bing.com,kI5}YdPXa5KJ+S,jjurisqv
kklausewitzqw@ocn.ne.jp,yY2$/Z4Kit>Be,dmargrieqw
smoxsteadqx@nsw.gov.au,sA7*LBVjR>AmM,mbirchenoughqx
cmckennanqy@spotify.com,cA2=iV0g149,mdriversqy
nwadforthqz@bloomberg.com,xU4<1{XDkS,gkrienkeqz
sharralr0@amazon.co.jp,"tD7.{JKG""DRHIL}",dbessentr0
jhaggusr1@stanford.edu,"gB7|""*f)/@!!xu\\",rboycottr1
acollyr2@amazon.com,aH6#@Iw{&+TAb,ehazellr2
aaxlebyr3@csmonitor.com,lI2./~r7,flafeer3
pwartonbyr4@themeforest.net,jT7.VP0<web,dinesonr4
jkilloughr5@gnu.org,yH1#sWyk&'1I3Cb%,gmiddleditchr5
kcreelmanr6@oaic.gov.au,"hD3'wH2Z23,",spervoer6
jlilbourner7@zdnet.com,dV4/6yDVBr\TSw,rmaddrahr7
mrowlinr8@flickr.com,xK3%/RKL},cmerguer8
hdancer9@php.net,"nY8~W3,5",mcovillr9
jgraundissonra@timesonline.co.uk,vW5*M<JBGd,cpresnailra
aboliverrb@google.co.uk,dF1#z\`nc%c@B<r$,agianrb
jcoppledikerc@opera.com,aI8!J%m6sF%Fzmip,gbrownsellrc
kmynardrd@ebay.com,dD6+|h\V+oiW(,ojannequinrd
cflorisre@cam.ac.uk,jS7#wZ#&Qu`9uR!,ecoastre
epoultneyrf@plala.or.jp,"mC4'XNyMD,HsVk",plobbrf
dpietersrg@yandex.ru,"yL0`|/cwRIc,fg",rnowerrg
mfairheadrh@amazon.de,aE8~l&{}F6&j<Vy,gcowingrh
tsmurfittri@blinklist.com,wD8.zFc7rHe}L<%t,bkarpfri
kvanderbrugrj@spotify.com,"lP7""O""(M",peinchcomberj
ipillingerrk@marketwatch.com,nR9)ZG9#@VQtF,ghorsefieldrk
rdoolandrl@un.org,aX0+I+LOZP2,rmasirl
mbuttrumrm@sina.com.cn,jO0_wmeY,dbarajasrm
cmattocksrn@ibm.com,zW5`r}nmKqXiGm?g,fgiacovazzorn
griolfiro@unc.edu,aR1>ck10waZ,cadneyro
ccranmorrp@jugem.jp,sI2'm$O3hSq2lxmz,rkissellrp
wmalaferq@paginegialle.it,lT0(>jq<i.b`R,hdurlingrq
cmcpakerr@blogtalkradio.com,dE6*6BQ9u_u\A.>@,pdiablerr
